Pair,Lag,F_stat,P_value,Significant
R&D Investment → AI Patents,1,4.617843297801965,0.05274517315182063,False
R&D Investment → AI Patents,2,8.83008121979599,0.007545859801325255,True
R&D Investment → AI Patents,3,3.503188461279686,0.08945392005494764,False
AI Publications → AI Patents,1,0.5715474523581336,0.46422758449490364,False
AI Publications → AI Patents,2,0.25273667295485486,0.7820048106918447,False
AI Publications → AI Patents,3,0.10692361444580195,0.9529740015162993,False
